{
  "random_forest": {
    "auc_score": 0.9995951744797992,
    "accuracy": 0.984070796460177,
    "precision": 1.0,
    "recall": 0.9565217391304348,
    "f1_score": 0.9777777777777777,
    "confusion_matrix": [
      [
        358,
        0
      ],
      [
        9,
        198
      ]
    ]
  },
  "logistic_regression": {
    "auc_score": 0.9405716136345236,
    "accuracy": 0.8938053097345132,
    "precision": 0.9565217391304348,
    "recall": 0.7439613526570048,
    "f1_score": 0.8369565217391305,
    "confusion_matrix": [
      [
        351,
        7
      ],
      [
        53,
        154
      ]
    ]
  },
  "neural_network": {
    "auc_score": 0.9544166464253906,
    "accuracy": 0.8920353982300885,
    "precision": 0.9397590361445783,
    "recall": 0.7536231884057971,
    "f1_score": 0.836461126005362,
    "confusion_matrix": [
      [
        348,
        10
      ],
      [
        51,
        156
      ]
    ]
  }
}