{
  "type": "logistic_regression",
  "feature_names": [
    "spectral_centroid",
    "spectral_rolloff",
    "spectral_bandwidth",
    "spectral_flux",
    "energy",
    "energy_entropy",
    "zero_crossing_rate",
    "rms",
    "peak_volume",
    "volume_variance",
    "harmonic_ratio",
    "timestamp",
    "sampleIndex"
  ],
  "coefficients": [
    0.6908503110501883,
    1.4928031437335387,
    -0.995885025910221,
    0.35386566181184237,
    -1.0602520633414578,
    -0.3397392837238468,
    -0.3140311622382138,
    -1.221094180790215,
    0.17600033524596234,
    0.4304663564793116,
    0.07503294097001655,
    4.953002973700018,
    -1.3338412018765342
  ],
  "intercept": 0.6014353247020054,
  "scaler_mean": [
    177.88585411489967,
    0.3267746005482942,
    137.93923841940494,
    2.3293488138585734,
    51.172616993872886,
    7.875813037029555,
    0.04927820951089059,
    0.05377528412866534,
    0.7762898868009764,
    0.02712350553811783,
    0.021493667324308387,
    1758245375443.257,
    943.612317235268
  ],
  "scaler_scale": [
    83.21833763264064,
    0.1458229459117466,
    52.407833687452815,
    1.1645505550893245,
    36.96757886525428,
    1.038796842183718,
    0.05419145415093052,
    0.04398097332043847,
    0.1384917558953587,
    0.013171151900893232,
    0.01737211869831613,
    2391864.3029521126,
    537.8102172366225
  ]
}