{
  "type": "simple_rules",
  "feature_names": [
    "spectral_centroid",
    "spectral_rolloff",
    "spectral_bandwidth",
    "spectral_flux",
    "energy",
    "energy_entropy",
    "zero_crossing_rate",
    "rms",
    "peak_volume",
    "volume_variance",
    "harmonic_ratio",
    "timestamp",
    "sampleIndex"
  ],
  "feature_importances": [
    0.07038564672246668,
    0.04304268414080785,
    0.0679381866545645,
    0.03121292324112554,
    0.05650142806867318,
    0.07868241546040212,
    0.01563495107754738,
    0.027053681199089973,
    0.022441139205556866,
    0.02627926949395878,
    0.02726769554683754,
    0.3974884642865703,
    0.13607151490239935
  ],
  "scaler_mean": [
    177.88585411489967,
    0.3267746005482942,
    137.93923841940494,
    2.3293488138585734,
    51.172616993872886,
    7.875813037029555,
    0.04927820951089059,
    0.05377528412866534,
    0.7762898868009764,
    0.02712350553811783,
    0.021493667324308387,
    1758245375443.257,
    943.612317235268
  ],
  "scaler_scale": [
    83.21833763264064,
    0.1458229459117466,
    52.407833687452815,
    1.1645505550893245,
    36.96757886525428,
    1.038796842183718,
    0.05419145415093052,
    0.04398097332043847,
    0.1384917558953587,
    0.013171151900893232,
    0.01737211869831613,
    2391864.3029521126,
    537.8102172366225
  ],
  "threshold": 0.5
}